id,name,price,cost,Y,Yalternate,X1,X2,X3,X4,X5,type,D6,D7,D8,D9,D10,drive,D11,D12
1,Chevrolet Aveo 4dr,"11,690","10,965",28,34,2.370,1.03,1.6,4,0.98,sedan,0,0,0,0,0,fwd,0,0
2,Chevrolet Aveo LS 4dr hatch,"12,585","11,802",28,34,2.348,1.03,1.6,4,0.98,sedan,0,0,0,0,0,fwd,0,0
3,Chevrolet Cavalier 2dr,"14,610","13,697",26,37,2.617,1.40,2.2,4,1.04,sedan,0,0,0,0,0,fwd,0,0
4,Chevrolet Cavalier 4dr,"14,810","13,884",26,37,2.676,1.40,2.2,4,1.04,sedan,0,0,0,0,0,fwd,0,0
5,Chevrolet Cavalier LS 2dr,"16,385","15,357",26,37,2.617,1.40,2.2,4,1.04,sedan,0,0,0,0,0,fwd,0,0
6,Dodge Neon SE 4dr,"13,670","12,849",29,36,2.581,1.32,2.0,4,1.05,sedan,0,0,0,0,0,fwd,0,0
7,Dodge Neon SXT 4dr,"15,040","14,086",29,36,2.626,1.32,2.0,4,1.05,sedan,0,0,0,0,0,fwd,0,0
8,Ford Focus ZX3 2dr hatch,"13,270","12,482",26,33,2.612,1.30,2.0,4,1.03,sedan,0,0,0,0,0,fwd,0,0
9,Ford Focus LX 4dr,"13,730","12,906",27,36,2.606,1.10,2.0,4,1.03,sedan,0,0,0,0,0,fwd,0,0
10,Ford Focus SE 4dr,"15,460","14,496",26,33,2.606,1.30,2.0,4,1.03,sedan,0,0,0,0,0,fwd,0,0
11,Ford Focus ZX5 5dr,"15,580","14,607",26,33,2.691,1.30,2.0,4,1.03,sedan,0,0,0,0,0,fwd,0,0
12,Honda Civic DX 2dr,"13,270","12,175",32,38,2.432,1.15,1.7,4,1.03,sedan,0,0,0,0,0,fwd,0,0
13,Honda Civic HX 2dr,"14,170","12,996",36,44,2.500,1.17,1.7,4,1.03,sedan,0,0,0,0,0,fwd,0,0
14,Honda Civic LX 4dr,"15,850","14,531",32,38,2.513,1.15,1.7,4,1.03,sedan,0,0,0,0,0,fwd,0,0
15,Hyundai Accent 2dr hatch,"10,539","10,107",29,33,2.255,1.03,1.6,4,0.96,sedan,0,0,0,0,0,fwd,0,0
16,Hyundai Accent GL 4dr,"11,839","11,116",29,33,2.290,1.03,1.6,4,0.96,sedan,0,0,0,0,0,fwd,0,0
17,Hyundai Accent GT 2dr hatch,"11,939","11,209",29,33,2.339,1.03,1.6,4,0.96,sedan,0,0,0,0,0,fwd,0,0
18,Hyundai Elantra GLS 4dr,"13,839","12,781",26,34,2.635,1.38,2.0,4,1.03,sedan,0,0,0,0,0,fwd,0,0
19,Hyundai Elantra GT 4dr,"15,389","14,207",26,34,2.635,1.38,2.0,4,1.03,sedan,0,0,0,0,0,fwd,0,0
20,Hyundai Elantra GT 4dr hatch,"15,389","14,207",26,34,2.698,1.38,2.0,4,1.03,sedan,0,0,0,0,0,fwd,0,0
21,Kia Optima LX 4dr,"16,040","14,910",23,30,3.281,1.38,2.4,4,1.06,sedan,0,0,0,0,0,fwd,0,0
22,Kia Rio 4dr manual,"10,280","9,875",26,33,2.403,1.04,1.6,4,0.95,sedan,0,0,0,0,0,fwd,0,0
23,Kia Rio 4dr auto,"11,155","10,705",25,32,2.458,1.04,1.6,4,0.95,sedan,0,0,0,0,0,fwd,0,0
24,Kia Spectra 4dr,"12,360","11,630",24,32,2.661,1.24,1.8,4,1.01,sedan,0,0,0,0,0,fwd,0,0
25,Kia Spectra GS 4dr hatch,"13,580","12,830",24,32,2.686,1.24,1.8,4,1.01,sedan,0,0,0,0,0,fwd,0,0
26,Kia Spectra GSX 4dr hatch,"14,630","13,790",24,32,2.697,1.24,1.8,4,1.01,sedan,0,0,0,0,0,fwd,0,0
27,Mini Cooper,"16,999","15,437",28,37,2.524,1.15,1.6,4,0.97,sedan,0,0,0,0,0,fwd,0,0
28,Nissan Sentra 1.8 4dr,"12,740","12,205",28,35,2.513,1.26,1.8,4,1.00,sedan,0,0,0,0,0,fwd,0,0
29,Nissan Sentra 1.8 S 4dr,"14,740","13,747",28,35,2.581,1.26,1.8,4,1.00,sedan,0,0,0,0,0,fwd,0,0
30,Pontiac Sunfire 1SA 2dr,"15,495","14,375",24,33,2.771,1.40,2.2,4,1.04,sedan,0,0,0,0,0,fwd,0,0
31,Saturn Ion1 4dr,"10,995","10,319",26,35,2.692,1.40,2.2,4,1.03,sedan,0,0,0,0,0,fwd,0,0
32,Saturn Ion2 4dr,"14,300","13,393",26,35,2.692,1.40,2.2,4,1.03,sedan,0,0,0,0,0,fwd,0,0
33,Saturn Ion3 4dr,"15,825","14,811",26,35,2.692,1.40,2.2,4,1.03,sedan,0,0,0,0,0,fwd,0,0
34,Saturn Ion2 quad coupe 2dr,"14,850","13,904",26,35,2.751,1.40,2.2,4,1.03,sedan,0,0,0,0,0,fwd,0,0
35,Saturn Ion3 quad coupe 2dr,"16,350","15,299",26,35,2.751,1.40,2.2,4,1.03,sedan,0,0,0,0,0,fwd,0,0
36,Scion xA 4dr hatch,"12,965","12,340",32,38,2.340,1.08,1.5,4,0.93,sedan,0,0,0,0,0,fwd,0,0
37,Suzuki Aerio S 4dr,"12,884","12,719",25,31,2.676,1.55,2.3,4,0.98,sedan,0,0,0,0,0,fwd,0,0
38,Suzuki Aerio LX 4dr,"14,500","14,317",25,31,2.676,1.55,2.3,4,0.98,sedan,0,0,0,0,0,fwd,0,0
39,Suzuki Forenza S 4dr,"12,269","12,116",24,31,2.701,1.19,2.0,4,1.02,sedan,0,0,0,0,0,fwd,0,0
40,Suzuki Forenza EX 4dr,"15,568","15,378",22,30,2.756,1.19,2.0,4,1.02,sedan,0,0,0,0,0,fwd,0,0
41,Toyota Corolla CE 4dr,"14,085","13,065",32,40,2.502,1.30,1.8,4,1.02,sedan,0,0,0,0,0,fwd,0,0
42,Toyota Corolla S 4dr,"15,030","13,650",32,40,2.524,1.30,1.8,4,1.02,sedan,0,0,0,0,0,fwd,0,0
43,Toyota Corolla LE 4dr,"15,295","13,889",32,40,2.524,1.30,1.8,4,1.02,sedan,0,0,0,0,0,fwd,0,0
44,Toyota Echo 2dr manual,"10,760","10,144",35,43,2.035,1.08,1.5,4,0.93,sedan,0,0,0,0,0,fwd,0,0
45,Toyota Echo 2dr auto,"11,560","10,896",33,39,2.085,1.08,1.5,4,0.93,sedan,0,0,0,0,0,fwd,0,0
46,Toyota Echo 4dr,"11,290","10,642",35,43,2.055,1.08,1.5,4,0.93,sedan,0,0,0,0,0,fwd,0,0
47,Buick Century Custom 4dr,"22,180","20,351",20,30,3.353,1.75,3.1,6,1.09,sedan,0,0,0,0,0,fwd,0,0
48,Chevrolet Impala 4dr,"21,900","20,095",21,32,3.465,1.80,3.4,6,1.11,sedan,0,0,0,0,0,fwd,0,0
49,Chevrolet Malibu 4dr,"18,995","17,434",24,34,3.174,1.45,2.2,4,1.06,sedan,0,0,0,0,0,fwd,0,0
50,Chevrolet Malibu LS 4dr,"20,370","18,639",22,30,3.297,2.00,3.5,6,1.06,sedan,0,0,0,0,0,fwd,0,0
51,Chevrolet Monte Carlo LS 2dr,"21,825","20,026",21,32,3.340,1.80,3.4,6,1.11,sedan,0,0,0,0,0,fwd,0,0
52,Chrysler PT Cruiser 4dr,"17,985","16,919",22,29,3.101,1.50,2.4,4,1.03,sedan,0,0,0,0,0,fwd,0,0
53,Chrysler PT Cruiser Limited 4dr,"22,000","20,573",22,29,3.105,1.50,2.4,4,1.03,sedan,0,0,0,0,0,fwd,0,0
54,Chrysler Sebring 4dr,"19,090","17,805",22,30,3.173,1.50,2.4,4,1.08,sedan,0,0,0,0,0,fwd,0,0
55,Chrysler Sebring Touring 4dr,"21,840","20,284",21,28,3.222,2.00,2.7,6,1.08,sedan,0,0,0,0,0,fwd,0,0
56,Dodge Intrepid SE 4dr,"22,035","20,502",21,29,3.469,2.00,2.7,6,1.13,sedan,0,0,0,0,0,fwd,0,0
57,Dodge Stratus SXT 4dr,"18,820","17,512",21,28,3.182,1.50,2.4,4,1.08,sedan,0,0,0,0,0,fwd,0,0
58,Dodge Stratus SE 4dr,"20,220","18,821",21,28,3.175,1.50,2.4,4,1.08,sedan,0,0,0,0,0,fwd,0,0
59,Ford Focus SVT 2dr,"19,135","17,878",21,28,2.750,1.70,2.0,4,1.03,sedan,0,0,0,0,0,fwd,0,0
60,Ford Taurus LX 4dr,"20,320","18,881",20,27,3.306,1.55,3.0,6,1.09,sedan,0,0,0,0,0,fwd,0,0
61,Ford Taurus SES Duratec 4dr,"22,735","20,857",19,26,3.313,2.01,3.0,6,1.09,sedan,0,0,0,0,0,fwd,0,0
62,Honda Accord LX 2dr,"19,860","17,924",26,34,2.994,1.60,2.4,4,1.05,sedan,0,0,0,0,0,fwd,0,0
63,Honda Accord EX 2dr,"22,260","20,080",26,34,3.047,1.60,2.4,4,1.05,sedan,0,0,0,0,0,fwd,0,0
64,Honda Civic EX 4dr,"17,750","16,265",32,37,2.601,1.27,1.7,4,1.03,sedan,0,0,0,0,0,fwd,0,0
65,Honda Civic Si 2dr hatch,"19,490","17,849",26,30,2.782,1.60,2.0,4,1.01,sedan,0,0,0,0,0,fwd,0,0
66,Hyundai Sonata GLS 4dr,"19,339","17,574",19,27,3.217,1.70,2.7,6,1.06,sedan,0,0,0,0,0,fwd,0,0
67,Hyundai Sonata LX 4dr,"20,339","18,380",19,27,3.217,1.70,2.7,6,1.06,sedan,0,0,0,0,0,fwd,0,0
68,Kia Optima LX V6 4dr,"18,435","16,850",20,27,3.279,1.70,2.7,6,1.06,sedan,0,0,0,0,0,fwd,0,0
69,Mazda 6i 4dr,"19,270","17,817",24,32,3.042,1.60,2.3,4,1.05,sedan,0,0,0,0,0,fwd,0,0
70,Mercury Sable GS 4dr,"21,595","19,848",20,27,3.308,1.55,3.0,6,1.09,sedan,0,0,0,0,0,fwd,0,0
71,Mini Cooper S,"19,999","18,137",25,34,2.678,1.63,1.6,4,0.97,sedan,0,0,0,0,0,fwd,0,0
72,Nissan Altima S 4dr,"19,240","18,030",21,26,3.039,1.75,2.5,4,1.10,sedan,0,0,0,0,0,fwd,0,0
73,Nissan Sentra SE-R 4dr,"17,640","16,444",23,28,2.761,1.65,2.5,4,1.00,sedan,0,0,0,0,0,fwd,0,0
74,Oldsmobile Alero GX 2dr,"18,825","17,642",24,32,2.946,1.40,2.2,4,1.07,sedan,0,0,0,0,0,fwd,0,0
75,Pontiac Grand Am GT 2dr,"22,450","20,595",20,29,3.118,1.75,3.4,6,1.07,sedan,0,0,0,0,0,fwd,0,0
76,Pontiac Grand Prix GT1 4dr,"22,395","20,545",20,30,3.477,2.00,3.8,6,1.11,sedan,0,0,0,0,0,fwd,0,0
77,Pontiac Sunfire 1SC 2dr,"17,735","16,369",24,33,2.771,1.40,2.2,4,1.04,sedan,0,0,0,0,0,fwd,0,0
78,Saturn L300-2 4dr,"21,410","19,801",20,28,3.197,1.82,3.0,6,1.07,sedan,0,0,0,0,0,fwd,0,0
79,Subaru Impreza 2.5 RS 4dr,"19,945","18,399",22,28,2.965,1.65,2.5,4,0.99,sedan,0,0,0,0,0,awd,1,0
80,Subaru Legacy L 4dr,"20,445","18,713",21,28,3.285,1.65,2.5,4,1.04,sedan,0,0,0,0,0,awd,1,0
81,Suzuki Verona LX 4dr,"17,262","17,053",20,27,3.380,1.55,2.5,6,1.06,sedan,0,0,0,0,0,fwd,0,0
82,Toyota Camry LE 4dr,"19,560","17,558",24,33,3.086,1.57,2.4,4,1.07,sedan,0,0,0,0,0,fwd,0,0
83,Toyota Camry LE V6 4dr,"22,775","20,325",21,29,3.296,2.10,3.0,6,1.07,sedan,0,0,0,0,0,fwd,0,0
84,Toyota Camry Solara SE 2dr,"19,635","17,722",24,33,3.175,1.57,2.4,4,1.07,sedan,0,0,0,0,0,fwd,0,0
85,Toyota Camry Solara SE V6 2dr,"21,965","19,819",20,29,3.417,2.25,3.3,6,1.07,sedan,0,0,0,0,0,fwd,0,0
86,Volkswagen Golf GLS 4dr,"18,715","17,478",24,31,2.897,1.15,2.0,4,0.99,sedan,0,0,0,0,0,fwd,0,0
87,Volkswagen GTI 1.8T 2dr hatch,"19,825","18,109",24,31,2.934,1.80,1.8,4,0.99,sedan,0,0,0,0,0,fwd,0,0
88,Volkswagen Jetta GLS TDI 4dr,"21,055","19,638",38,46,3.003,1.00,1.9,4,0.99,sedan,0,0,0,0,0,fwd,0,0
89,Volkswagen New Beetle GLS 1.8T 2dr,"21,055","19,638",24,31,2.820,1.50,1.8,4,0.99,sedan,0,0,0,0,0,fwd,0,0
90,Acura RSX Type S 2dr,"23,820","21,761",24,31,2.778,2.00,2.0,4,1.01,sedan,0,0,0,0,0,fwd,0,0
91,Acura TSX 4dr,"26,990","24,647",22,29,3.230,2.00,2.4,4,1.05,sedan,0,0,0,0,0,fwd,0,0
92,Audi A4 1.8T 4dr,"25,940","23,508",22,31,3.252,1.70,1.8,4,1.04,sedan,0,0,0,0,0,fwd,0,0
93,BMW 325i 4dr,"28,495","26,155",20,29,3.219,1.84,2.5,6,1.07,sedan,0,0,0,0,0,rwd,0,1
94,Buick LeSabre Custom 4dr,"26,470","24,282",20,29,3.567,2.05,3.8,6,1.12,sedan,0,0,0,0,0,fwd,0,0
95,Buick Regal LS 4dr,"24,895","22,835",20,30,3.461,2.00,3.8,6,1.09,sedan,0,0,0,0,0,fwd,0,0
96,Buick Regal GS 4dr,"28,345","26,047",18,28,3.536,2.40,3.8,6,1.09,sedan,0,0,0,0,0,fwd,0,0
97,Chevrolet Impala LS 4dr,"25,000","22,931",20,30,3.476,2.00,3.8,6,1.11,sedan,0,0,0,0,0,fwd,0,0
98,Chevrolet Impala SS 4dr,"27,995","25,672",18,28,3.606,2.40,3.8,6,1.11,sedan,0,0,0,0,0,fwd,0,0
99,Chevrolet Malibu LT 4dr,"23,495","21,551",23,32,3.315,2.00,3.5,6,1.06,sedan,0,0,0,0,0,fwd,0,0
100,Chevrolet Monte Carlo SS 2dr,"24,225","22,222",18,28,3.434,2.00,3.8,6,1.11,sedan,0,0,0,0,0,fwd,0,0
101,Chrysler 300M 4dr,"29,865","27,797",18,27,3.581,2.50,3.5,6,1.13,sedan,0,0,0,0,0,fwd,0,0
102,Chrysler Concorde LX 4dr,"24,130","22,452",21,29,3.479,2.00,2.7,6,1.13,sedan,0,0,0,0,0,fwd,0,0
103,Chrysler Concorde LXi 4dr,"26,860","24,909",19,27,3.548,2.32,3.5,6,1.13,sedan,0,0,0,0,0,fwd,0,0
104,Chrysler PT Cruiser GT 4dr,"25,955","24,172",21,27,3.217,2.20,2.4,4,1.03,sedan,0,0,0,0,0,fwd,0,0
105,Chrysler Sebring convertible 2dr,"25,215","23,451",22,30,3.357,1.50,2.4,4,1.06,sedan,0,0,0,0,0,fwd,0,0
106,Dodge Intrepid ES 4dr,"24,885","23,058",18,27,3.487,2.32,3.5,6,1.13,sedan,0,0,0,0,0,fwd,0,0
107,Ford Crown Victoria 4dr,"24,345","22,856",17,25,4.057,2.24,4.6,8,1.15,sedan,0,0,0,0,0,rwd,0,1
108,Ford Crown Victoria LX 4dr,"27,370","25,105",17,25,4.057,2.24,4.6,8,1.15,sedan,0,0,0,0,0,rwd,0,1
109,Honda Accord LX V6 4dr,"23,760","21,428",21,30,3.349,2.40,3.0,6,1.08,sedan,0,0,0,0,0,fwd,0,0
110,Honda Accord EX V6 2dr,"26,960","24,304",21,30,3.294,2.40,3.0,6,1.05,sedan,0,0,0,0,0,fwd,0,0
111,Hyundai XG350 4dr,"24,589","22,055",17,26,3.651,1.94,3.5,6,1.08,sedan,0,0,0,0,0,fwd,0,0
112,Hyundai XG350 L 4dr,"26,189","23,486",17,26,3.651,1.94,3.5,6,1.08,sedan,0,0,0,0,0,fwd,0,0
113,Infiniti G35 4dr,"28,495","26,157",18,26,3.336,2.60,3.5,6,1.12,sedan,0,0,0,0,0,rwd,0,1
114,Infiniti G35 Sport Coupe 2dr,"29,795","27,536",18,26,3.416,2.80,3.5,6,1.12,sedan,0,0,0,0,0,rwd,0,1
115,Jaguar X-Type 2.5 4dr,"29,995","27,355",18,26,3.428,1.92,2.5,6,1.07,sedan,0,0,0,0,0,awd,1,0
116,Mercedes-Benz C230 Sport 2dr,"26,060","24,249",22,30,3.250,1.89,1.8,4,1.07,sedan,0,0,0,0,0,rwd,0,1
117,Mercedes-Benz C320 Sport 2dr,"28,370","26,435",19,26,3.430,2.15,3.2,6,1.07,sedan,0,0,0,0,0,rwd,0,1
118,Mercury Grand Marquis GS 4dr,"24,695","23,217",17,25,4.052,2.24,4.6,8,1.15,sedan,0,0,0,0,0,rwd,0,1
119,Mercury Grand Marquis LS Premium 4dr,"29,595","27,148",17,25,4.052,2.24,4.6,8,1.15,sedan,0,0,0,0,0,rwd,0,1
120,Mercury Sable LS Premium 4dr,"23,895","21,918",19,26,3.315,2.01,3.0,6,1.09,sedan,0,0,0,0,0,fwd,0,0
121,Mitsubishi Diamante LS 4dr,"29,282","27,250",18,25,3.549,2.05,3.5,6,1.07,sedan,0,0,0,0,0,fwd,0,0
122,Mitsubishi Galant GTS 4dr,"25,700","23,883",18,26,3.649,2.30,3.8,6,1.08,sedan,0,0,0,0,0,fwd,0,0
123,Nissan Altima SE 4dr,"23,290","21,580",21,26,3.197,2.45,3.5,6,1.10,sedan,0,0,0,0,0,fwd,0,0
124,Nissan Maxima SE 4dr,"27,490","25,182",20,28,3.473,2.65,3.5,6,1.11,sedan,0,0,0,0,0,fwd,0,0
125,Nissan Maxima SL 4dr,"29,440","26,966",20,28,3.476,2.65,3.5,6,1.11,sedan,0,0,0,0,0,fwd,0,0
126,Oldsmobile Alero GLS 2dr,"23,675","21,485",20,29,3.085,1.70,3.4,6,1.07,sedan,0,0,0,0,0,fwd,0,0
127,Pontiac Grand Prix GT2 4dr,"24,295","22,284",20,30,3.484,2.00,3.8,6,1.11,sedan,0,0,0,0,0,fwd,0,0
128,Subaru Legacy GT 4dr,"25,645","23,336",21,28,3.395,1.65,2.5,4,1.04,sedan,0,0,0,0,0,awd,1,0
129,Subaru Outback Limited Sedan 4dr,"27,145","24,687",20,27,3.495,1.65,2.5,4,1.04,sedan,0,0,0,0,0,awd,1,0
130,Subaru Outback H6 4dr,"29,345","26,660",19,26,3.610,2.12,3.0,6,1.04,sedan,0,0,0,0,0,awd,1,0
131,Toyota Avalon XL 4dr,"26,560","23,693",21,29,3.417,2.10,3.0,6,1.07,sedan,0,0,0,0,0,fwd,0,0
132,Toyota Camry XLE V6 4dr,"25,920","23,125",21,29,3.362,2.10,3.0,6,1.07,sedan,0,0,0,0,0,fwd,0,0
133,Toyota Camry Solara SLE V6 2dr,"26,510","23,908",20,29,3.439,2.25,3.3,6,1.07,sedan,0,0,0,0,0,fwd,0,0
134,Volkswagen Jetta GLI VR6 4dr,"23,785","21,686",21,30,3.179,2.00,2.8,6,0.99,sedan,0,0,0,0,0,fwd,0,0
135,Volkswagen New Beetle GLS convertible 2dr,"23,215","21,689",24,30,3.082,1.15,2.0,4,0.99,sedan,0,0,0,0,0,fwd,0,0
136,Volkswagen Passat GLS 4dr,"23,955","21,898",22,31,3.241,1.70,1.8,4,1.06,sedan,0,0,0,0,0,fwd,0,0
137,Volvo S40 4dr,"25,135","23,701",22,29,2.767,1.70,1.9,4,1.01,sedan,0,0,0,0,0,fwd,0,0
138,Acura TL 4dr,"33,195","30,299",20,28,3.575,2.70,3.2,6,1.08,sedan,0,0,0,0,0,fwd,0,0
139,Audi A4 1.8T convertible 2dr,"35,940","32,506",23,30,3.638,1.70,1.8,4,1.05,sedan,0,0,0,0,0,fwd,0,0
140,Audi A4 3.0 4dr,"31,840","28,846",20,28,3.462,2.20,3.0,6,1.04,sedan,0,0,0,0,0,fwd,0,0
141,Audi A4 3.0 Quattro 4dr manual,"33,430","30,366",17,26,3.583,2.20,3.0,6,1.04,sedan,0,0,0,0,0,awd,1,0
142,Audi A4 3.0 Quattro 4dr auto,"34,480","31,388",18,25,3.627,2.20,3.0,6,1.04,sedan,0,0,0,0,0,awd,1,0
143,Audi A6 3.0 4dr,"36,640","33,129",20,27,3.561,2.20,3.0,6,1.09,sedan,0,0,0,0,0,fwd,0,0
144,Audi A6 3.0 Quattro 4dr,"39,640","35,992",18,25,3.880,2.20,3.0,6,1.09,sedan,0,0,0,0,0,awd,1,0
145,BMW 325Ci 2dr,"30,795","28,245",20,29,3.197,1.84,2.5,6,1.07,sedan,0,0,0,0,0,rwd,0,1
146,BMW 325Ci convertible 2dr,"37,995","34,800",19,27,3.560,1.84,2.5,6,1.07,sedan,0,0,0,0,0,rwd,0,1
147,BMW 325xi 4dr,"30,245","27,745",19,27,3.461,1.84,2.5,6,1.07,sedan,0,0,0,0,0,awd,1,0
148,BMW 330i 4dr,"35,495","32,525",20,30,3.285,2.25,3.0,6,1.07,sedan,0,0,0,0,0,rwd,0,1
149,BMW 330Ci 2dr,"36,995","33,890",20,30,3.285,2.25,3.0,6,1.07,sedan,0,0,0,0,0,rwd,0,1
150,BMW 330xi 4dr,"37,245","34,115",20,29,3.483,2.25,3.0,6,1.07,sedan,0,0,0,0,0,awd,1,0
151,BMW 525i 4dr,"39,995","36,620",19,28,3.428,1.84,2.5,6,1.14,sedan,0,0,0,0,0,rwd,0,1
152,Buick LeSabre Limited 4dr,"32,245","29,566",20,29,3.591,2.05,3.8,6,1.12,sedan,0,0,0,0,0,fwd,0,0
153,Buick Park Avenue 4dr,"35,545","32,244",20,29,3.778,2.05,3.8,6,1.14,sedan,0,0,0,0,0,fwd,0,0
154,Cadillac CTS VVT 4dr,"30,835","28,575",18,25,3.694,2.55,3.6,6,1.13,sedan,0,0,0,0,0,rwd,0,1
155,Chrysler 300M Special Edition 4dr,"33,295","30,884",18,27,3.650,2.55,3.5,6,1.13,sedan,0,0,0,0,0,fwd,0,0
156,Chrysler Sebring Limited convertible 2dr,"30,950","28,613",21,28,3.448,2.00,2.7,6,1.06,sedan,0,0,0,0,0,fwd,0,0
157,Ford Crown Victoria LX Sport 4dr,"30,315","27,756",17,25,4.057,2.39,4.6,8,1.15,sedan,0,0,0,0,0,rwd,0,1
158,Infiniti G35 4dr,"32,445","29,783",18,26,3.677,2.60,3.5,6,1.12,sedan,0,0,0,0,0,awd,1,0
159,Infiniti I35 4dr,"31,145","28,320",19,26,3.306,2.55,3.5,6,1.08,sedan,0,0,0,0,0,fwd,0,0
160,Jaguar X-Type 3.0 4dr,"33,995","30,995",18,25,3.516,2.27,3.0,6,1.07,sedan,0,0,0,0,0,awd,1,0
161,Lexus ES 330 4dr,"32,350","28,755",20,29,3.460,2.25,3.3,6,1.07,sedan,0,0,0,0,0,fwd,0,0
162,Lexus IS 300 4dr manual,"31,045","27,404",18,25,3.255,2.15,3.0,6,1.05,sedan,0,0,0,0,0,rwd,0,1
163,Lexus IS 300 4dr auto,"32,415","28,611",18,24,3.285,2.15,3.0,6,1.05,sedan,0,0,0,0,0,rwd,0,1
164,Lincoln LS V6 Luxury 4dr,"32,495","29,969",20,26,3.681,2.32,3.0,6,1.15,sedan,0,0,0,0,0,rwd,0,1
165,Lincoln LS V6 Premium 4dr,"36,895","33,929",20,26,3.681,2.32,3.0,6,1.15,sedan,0,0,0,0,0,rwd,0,1
166,Mercedes-Benz C240 4dr,"32,280","30,071",20,25,3.360,1.68,2.6,6,1.07,sedan,0,0,0,0,0,rwd,0,1
167,Mercedes-Benz C240 4dr,"33,480","31,187",19,25,3.360,1.68,2.6,6,1.07,sedan,0,0,0,0,0,awd,1,0
168,Mercedes-Benz C320 Sport 4dr,"35,920","33,456",19,26,3.430,2.15,3.2,6,1.07,sedan,0,0,0,0,0,rwd,0,1
169,Mercedes-Benz C320 4dr,"37,630","35,046",20,26,3.450,2.15,3.2,6,1.07,sedan,0,0,0,0,0,rwd,0,1
170,Mercury Grand Marquis LS Ultimate 4dr,"30,895","28,318",17,25,4.052,2.24,4.6,8,1.15,sedan,0,0,0,0,0,rwd,0,1
171,Mercury Marauder 4dr,"34,495","31,558",17,23,4.195,3.02,4.6,8,1.15,sedan,0,0,0,0,0,rwd,0,1
172,Saab 9-3 Arc Sport 4dr,"30,860","29,269",20,28,3.175,2.10,2.0,4,1.05,sedan,0,0,0,0,0,fwd,0,0
173,Saab 9-3 Aero 4dr,"33,360","31,562",20,28,3.175,2.10,2.0,4,1.05,sedan,0,0,0,0,0,fwd,0,0
174,Saab 9-5 Arc 4dr,"35,105","33,011",21,29,3.470,2.20,2.3,4,1.06,sedan,0,0,0,0,0,fwd,0,0
175,Saab 9-5 Aero 4dr,"39,465","37,721",21,29,3.470,2.50,2.3,4,1.06,sedan,0,0,0,0,0,fwd,0,0
176,Subaru Outback H-6 VDC 4dr,"31,545","28,603",19,26,3.630,2.12,3.0,6,1.04,sedan,0,0,0,0,0,awd,1,0
177,Toyota Avalon XLS 4dr,"30,920","27,271",21,29,3.439,2.10,3.0,6,1.07,sedan,0,0,0,0,0,fwd,0,0
178,Volkswagen Passat GLX V6 4MOTION 4dr,"33,180","30,583",19,26,3.721,1.90,2.8,6,1.06,sedan,0,0,0,0,0,fwd,0,0
179,Volkswagen Passat W8 4MOTION 4dr,"39,235","36,052",18,25,3.953,2.70,4.0,8,1.06,sedan,0,0,0,0,0,fwd,0,0
180,Volvo S60 2.5 4dr,"31,745","29,916",20,27,3.903,2.08,2.5,5,1.07,sedan,0,0,0,0,0,awd,1,0
181,Volvo S60 T5 4dr,"34,845","32,902",20,28,3.766,2.47,2.3,5,1.07,sedan,0,0,0,0,0,fwd,0,0
182,Volvo S60 R 4dr,"37,560","35,382",18,25,3.571,3.00,2.5,5,1.07,sedan,0,0,0,0,0,awd,1,0
183,Volvo S80 2.9 4dr,"37,730","35,542",20,28,3.576,2.08,2.9,6,1.10,sedan,0,0,0,0,0,fwd,0,0
184,Volvo S80 2.5T 4dr,"37,885","35,688",20,27,3.691,1.94,2.5,5,1.10,sedan,0,0,0,0,0,awd,1,0
185,Acura 3.5 RL 4dr,"43,755","39,014",18,24,3.880,2.25,3.5,6,1.15,sedan,0,0,0,0,0,fwd,0,0
186,Acura 3.5 RL w/Navigation 4dr,"46,100","41,100",18,24,3.893,2.25,3.5,6,1.15,sedan,0,0,0,0,0,fwd,0,0
187,Audi A4 3.0 convertible 2dr,"42,490","38,325",20,27,3.814,2.20,3.0,6,1.05,sedan,0,0,0,0,0,fwd,0,0
188,Audi A4 3.0 Quattro convertible 2dr,"44,240","40,075",18,25,4.013,2.20,3.0,6,1.05,sedan,0,0,0,0,0,awd,1,0
189,Audi A6 2.7 Turbo Quattro 4dr,"42,840","38,840",18,25,3.836,2.50,2.7,6,1.09,sedan,0,0,0,0,0,awd,1,0
190,Audi A6 4.2 Quattro 4dr,"49,690","44,936",17,24,4.024,3.00,4.2,8,1.09,sedan,0,0,0,0,0,awd,1,0
191,Audi A8 L Quattro 4dr,"69,190","64,740",17,24,4.399,3.30,4.2,8,1.21,sedan,0,0,0,0,0,awd,1,0
192,Audi S4 Quattro 4dr,"48,040","43,556",14,20,3.825,3.40,4.2,8,1.04,sedan,0,0,0,0,0,awd,1,0
193,BMW 330Ci convertible 2dr,"44,295","40,530",19,28,3.616,2.25,3.0,6,1.07,sedan,0,0,0,0,0,rwd,0,1
194,BMW 530i 4dr,"44,995","41,170",20,30,3.472,2.25,3.0,6,1.14,sedan,0,0,0,0,0,rwd,0,1
195,BMW 545iA 4dr,"54,995","50,270",18,26,3.814,3.25,4.4,8,1.14,sedan,0,0,0,0,0,rwd,0,1
196,BMW 745i 4dr,"69,195","63,190",18,26,4.376,3.25,4.4,8,1.18,sedan,0,0,0,0,0,rwd,0,1
197,BMW 745Li 4dr,"73,195","66,830",18,26,4.464,3.25,4.4,8,1.23,sedan,0,0,0,0,0,rwd,0,1
198,Buick Park Avenue Ultra 4dr,"40,720","36,927",18,28,3.909,2.40,3.8,6,1.14,sedan,0,0,0,0,0,fwd,0,0
199,Cadillac Deville 4dr,"45,445","41,650",18,26,3.984,2.75,4.6,8,1.15,sedan,0,0,0,0,0,fwd,0,0
200,Cadillac Deville DTS 4dr,"50,595","46,362",18,26,4.044,3.00,4.6,8,1.15,sedan,0,0,0,0,0,fwd,0,0
201,Cadillac Seville SLS 4dr,"47,955","43,841",18,26,3.992,2.75,4.6,8,1.12,sedan,0,0,0,0,0,fwd,0,0
202,Infiniti M45 4dr,"42,845","38,792",17,23,3.851,3.40,4.5,8,1.10,sedan,0,0,0,0,0,rwd,0,1
203,Infiniti Q45 Luxury 4dr,"52,545","47,575",17,23,3.977,3.40,4.5,8,1.13,sedan,0,0,0,0,0,rwd,0,1
204,Jaguar S-Type 3.0 4dr,"43,895","40,004",18,26,3.777,2.35,3.0,6,1.15,sedan,0,0,0,0,0,rwd,0,1
205,Jaguar S-Type 4.2 4dr,"49,995","45,556",18,28,3.874,2.94,4.2,8,1.15,sedan,0,0,0,0,0,rwd,0,1
206,Jaguar S-Type R 4dr,"63,120","57,499",17,24,4.046,3.90,4.2,8,1.15,sedan,0,0,0,0,0,rwd,0,1
207,Jaguar Vanden Plas 4dr,"68,995","62,846",18,28,3.803,2.94,4.2,8,1.19,sedan,0,0,0,0,0,rwd,0,1
208,Jaguar XJ8 4dr,"59,995","54,656",18,28,3.803,2.94,4.2,8,1.19,sedan,0,0,0,0,0,rwd,0,1
209,Jaguar XJR 4dr,"74,995","68,306",17,24,3.948,3.90,4.2,8,1.19,sedan,0,0,0,0,0,rwd,0,1
210,Lexus GS 300 4dr,"41,010","36,196",18,25,3.649,2.20,3.0,6,1.10,sedan,0,0,0,0,0,rwd,0,1
211,Lexus GS 430 4dr,"48,450","42,232",18,23,3.715,3.00,4.3,8,1.10,sedan,0,0,0,0,0,rwd,0,1
212,Lexus LS 430 4dr,"55,750","48,583",18,25,3.990,2.90,4.3,8,1.15,sedan,0,0,0,0,0,rwd,0,1
213,Lincoln LS V8 Sport 4dr,"40,095","36,809",17,24,3.768,2.80,3.9,8,1.15,sedan,0,0,0,0,0,rwd,0,1
214,Lincoln LS V8 Ultimate 4dr,"43,495","39,869",17,24,3.768,2.80,3.9,8,1.15,sedan,0,0,0,0,0,rwd,0,1
215,Lincoln Town Car Signature 4dr,"41,815","38,418",17,25,4.369,2.39,4.6,8,1.18,sedan,0,0,0,0,0,rwd,0,1
216,Lincoln Town Car Ultimate 4dr,"44,925","41,217",17,25,4.369,2.39,4.6,8,1.18,sedan,0,0,0,0,0,rwd,0,1
217,Lincoln Town Car Ultimate L 4dr,"50,470","46,208",17,25,4.474,2.39,4.6,8,1.24,sedan,0,0,0,0,0,rwd,0,1
218,Mercedes-Benz C32 AMG 4dr,"52,120","48,522",16,21,3.540,3.49,3.2,6,1.07,sedan,0,0,0,0,0,rwd,0,1
219,Mercedes-Benz CL500 2dr,"94,820","88,324",16,24,4.085,3.02,5.0,8,1.14,sedan,0,0,0,0,0,rwd,0,1
220,Mercedes-Benz CL600 2dr,"128,420","119,600",13,19,4.473,4.93,5.5,12,1.14,sedan,0,0,0,0,0,rwd,0,1
221,Mercedes-Benz CLK320 coupe 2dr (convertible),"45,707","41,966",20,26,3.770,2.15,3.2,6,1.07,sedan,0,0,0,0,0,rwd,0,1
222,Mercedes-Benz CLK500 coupe 2dr (convertible),"52,800","49,104",17,22,3.585,3.02,5.0,8,1.07,sedan,0,0,0,0,0,rwd,0,1
223,Mercedes-Benz E320 4dr,"48,170","44,849",19,27,3.635,2.21,3.2,6,1.12,sedan,0,0,0,0,0,rwd,0,1
224,Mercedes-Benz E500 4dr,"57,270","53,382",16,20,3.815,3.02,5.0,8,1.12,sedan,0,0,0,0,0,rwd,0,1
225,Mercedes-Benz S430 4dr,"74,320","69,168",18,26,4.160,2.75,4.3,8,1.22,sedan,0,0,0,0,0,rwd,0,1
226,Mercedes-Benz S500 4dr,"86,970","80,939",16,24,4.390,3.02,5.0,8,1.22,sedan,0,0,0,0,0,awd,1,0
227,Saab 9-3 Arc convertible 2dr,"40,670","38,520",21,29,3.480,2.10,2.0,4,1.05,sedan,0,0,0,0,0,fwd,0,0
228,Saab 9-3 Aero convertible 2dr,"43,175","40,883",21,30,3.700,2.10,2.0,4,1.05,sedan,0,0,0,0,0,fwd,0,0
229,Volvo C70 LPT convertible 2dr,"40,565","38,203",21,28,3.450,1.97,2.4,5,1.05,sedan,0,0,0,0,0,fwd,0,0
230,Volvo C70 HPT convertible 2dr,"42,565","40,083",20,26,3.450,2.42,2.3,5,1.05,sedan,0,0,0,0,0,fwd,0,0
231,Volvo S80 T6 4dr,"45,210","42,573",19,26,3.653,2.68,2.9,6,1.10,sedan,0,0,0,0,0,fwd,0,0
232,Acura NSX coupe 2dr manual S,"89,765","79,978",17,24,3.153,2.90,3.2,6,1.00,sports,1,0,0,0,0,rwd,0,1
233,Audi RS 6 4dr,"84,600","76,417",15,22,4.024,4.50,4.2,8,1.09,sports,1,0,0,0,0,fwd,0,0
234,Audi TT 1.8 convertible 2dr (coupe),"35,940","32,512",20,28,3.131,1.80,1.8,4,0.95,sports,1,0,0,0,0,fwd,0,0
235,Audi TT 1.8 Quattro 2dr (convertible),"37,390","33,891",20,28,2.921,2.25,1.8,4,0.96,sports,1,0,0,0,0,awd,1,0
236,Audi TT 3.2 coupe 2dr (convertible),"40,590","36,739",21,29,3.351,2.50,3.2,6,0.96,sports,1,0,0,0,0,awd,1,0
237,BMW M3 coupe 2dr,"48,195","44,170",16,24,3.415,3.33,3.2,6,1.08,sports,1,0,0,0,0,rwd,0,1
238,BMW M3 convertible 2dr,"56,595","51,815",16,23,3.781,3.33,3.2,6,1.08,sports,1,0,0,0,0,rwd,0,1
239,BMW Z4 convertible 2.5i 2dr,"33,895","31,065",20,28,2.932,1.84,2.5,6,0.98,sports,1,0,0,0,0,rwd,0,1
240,BMW Z4 convertible 3.0i 2dr,"41,045","37,575",21,29,2.998,2.25,3.0,6,0.98,sports,1,0,0,0,0,rwd,0,1
241,Cadillac XLR convertible 2dr,"76,200","70,546",17,25,3.647,3.20,4.6,8,1.06,sports,1,0,0,0,0,rwd,0,1
242,Chevrolet Corvette 2dr,"44,535","39,068",18,25,3.246,3.50,5.7,8,1.05,sports,1,0,0,0,0,rwd,0,1
243,Chevrolet Corvette convertible 2dr,"51,535","45,193",18,25,3.248,3.50,5.7,8,1.05,sports,1,0,0,0,0,rwd,0,1
244,Chrysler Crossfire 2dr,"34,495","32,033",17,25,3.060,2.15,3.2,6,0.95,sports,1,0,0,0,0,rwd,0,1
245,Ford Mustang 2dr (convertible),"18,345","16,943",20,29,3.290,1.93,3.8,6,1.01,sports,1,0,0,0,0,rwd,0,1
246,Ford Mustang GT Premium convertible 2dr,"29,380","26,875",17,25,3.347,2.60,4.6,8,1.01,sports,1,0,0,0,0,rwd,0,1
247,Ford Thunderbird Deluxe convert w/hardtop 2dr,"37,530","34,483",17,24,3.780,2.80,3.9,8,1.07,sports,1,0,0,0,0,fwd,0,0
248,Honda S2000 convertible 2dr,"33,260","29,965",20,25,2.835,2.40,2.2,4,0.95,sports,1,0,0,0,0,rwd,0,1
249,Hyundai Tiburon GT V6 2dr,"18,739","17,101",19,26,3.023,1.72,2.7,6,1.00,sports,1,0,0,0,0,fwd,0,0
250,Jaguar XK8 coupe 2dr,"69,995","63,756",18,26,3.779,2.94,4.2,8,1.02,sports,1,0,0,0,0,rwd,0,1
251,Jaguar XK8 convertible 2dr,"74,995","68,306",18,26,3.980,2.94,4.2,8,1.02,sports,1,0,0,0,0,rwd,0,1
252,Jaguar XKR coupe 2dr,"81,995","74,676",16,23,3.865,3.90,4.2,8,1.02,sports,1,0,0,0,0,rwd,0,1
253,Jaguar XKR convertible 2dr,"86,995","79,226",16,23,4.042,3.90,4.2,8,1.02,sports,1,0,0,0,0,rwd,0,1
254,Lexus SC 430 convertible 2dr,"63,200","55,063",18,23,3.840,3.00,4.3,8,1.03,sports,1,0,0,0,0,rwd,0,1
255,Mazda MX-5 Miata convertible 2dr,"22,388","20,701",23,28,2.387,1.42,1.8,4,0.89,sports,1,0,0,0,0,rwd,0,1
256,Mazda MX-5 Miata LS convertible 2dr,"25,193","23,285",23,28,2.387,1.42,1.8,4,0.89,sports,1,0,0,0,0,rwd,0,1
257,Mercedes-Benz SL500 convertible 2dr,"90,520","84,325",16,23,4.065,3.02,5.0,8,1.01,sports,1,0,0,0,0,rwd,0,1
258,Mercedes-Benz SL55 AMG 2dr,"121,770","113,388",14,21,4.235,4.93,5.5,8,1.01,sports,1,0,0,0,0,rwd,0,1
259,Mercedes-Benz SL600 convertible 2dr,"126,670","117,854",13,19,4.429,4.93,5.5,12,1.01,sports,1,0,0,0,0,rwd,0,1
260,Mercedes-Benz SLK230 convertible 2dr,"40,320","37,548",21,29,3.055,1.92,2.3,4,0.95,sports,1,0,0,0,0,rwd,0,1
261,Mercedes-Benz SLK32 AMG 2dr,"56,170","52,289",17,22,3.220,3.49,3.2,6,0.95,sports,1,0,0,0,0,rwd,0,1
262,Mitsubishi Eclipse GTS 2dr,"25,092","23,456",21,28,3.241,2.10,3.0,6,1.01,sports,1,0,0,0,0,fwd,0,0
263,Mitsubishi Eclipse Spyder GT convertible 2dr,"26,992","25,218",21,28,3.296,2.10,3.0,6,1.01,sports,1,0,0,0,0,fwd,0,0
264,Mitsubishi Lancer Evolution 4dr,"29,562","27,466",18,26,3.263,2.71,2.0,4,1.03,sports,1,0,0,0,0,fwd,0,0
265,Nissan 350Z coupe 2dr,"26,910","25,203",20,26,3.188,2.87,3.5,6,1.04,sports,1,0,0,0,0,rwd,0,1
266,Nissan 350Z Enthusiast convertible 2dr,"34,390","31,845",20,26,3.428,2.87,3.5,6,1.04,sports,1,0,0,0,0,rwd,0,1
267,Porsche 911 Carrera convertible 2dr (coupe),"79,165","69,229",18,26,3.135,3.15,3.6,6,0.93,sports,1,0,0,0,0,rwd,0,1
268,Porsche 911 Carrera 4S coupe 2dr (convert),"84,165","72,206",17,24,3.240,3.15,3.6,6,0.93,sports,1,0,0,0,0,awd,1,0
269,Porsche 911 Targa coupe 2dr,"76,765","67,128",18,26,3.119,3.15,3.6,6,0.93,sports,1,0,0,0,0,rwd,0,1
270,Porsche 911 GT2 2dr,"192,465","173,560",17,24,3.131,4.77,3.6,6,0.93,sports,1,0,0,0,0,rwd,0,1
271,Porsche Boxster convertible 2dr,"43,365","37,886",20,29,2.811,2.28,2.7,6,0.95,sports,1,0,0,0,0,rwd,0,1
272,Porsche Boxster S convertible 2dr,"52,365","45,766",18,26,2.911,2.58,3.2,6,0.95,sports,1,0,0,0,0,rwd,0,1
273,Subaru Impreza WRX 4dr,"25,045","23,022",20,27,3.085,2.27,2.0,4,0.99,sports,1,0,0,0,0,awd,1,0
274,Subaru Impreza WRX STi 4dr,"31,545","29,130",18,24,3.263,3.00,2.5,4,1.00,sports,1,0,0,0,0,awd,1,0
275,Toyota Celica GT-S 2dr,"22,570","20,363",24,33,2.500,1.80,1.8,4,1.02,sports,1,0,0,0,0,fwd,0,0
276,Toyota MR2 Spyder convertible 2dr,"25,130","22,787",26,32,2.195,1.38,1.8,4,0.97,sports,1,0,0,0,0,rwd,0,1
277,Cadillac Escaladet,"52,795","48,377",14,18,5.367,2.95,5.3,8,1.16,suv,0,1,0,0,0,fwd,0,0
278,Cadillac SRX V8,"46,995","43,523",16,21,4.302,3.20,4.6,8,1.16,suv,0,1,0,0,0,fwd,0,0
279,Chevrolet Suburban 1500 LT,"42,735","37,422",14,18,4.947,2.95,5.3,8,1.30,suv,0,1,0,0,0,fwd,0,0
280,Chevrolet Tahoe LT,"41,465","36,287",14,18,5.050,2.95,5.3,8,1.16,suv,0,1,0,0,0,awd,1,0
281,Dodge Durango SLT,"32,235","29,472",15,21,4.987,2.30,4.7,8,1.19,suv,0,1,0,0,0,awd,1,0
282,Ford Expedition 4.6 XLT,"34,560","30,468",15,19,5.000,2.32,4.6,8,1.19,suv,0,1,0,0,0,fwd,0,0
283,GMC Envoy XUV SLE,"31,890","28,922",15,19,4.945,2.75,4.2,6,1.29,suv,0,1,0,0,0,fwd,0,0
284,CMC Yukon 1500 SLE,"35,725","31,361",16,19,5.042,2.85,4.8,8,1.16,suv,0,1,0,0,0,fwd,0,0
285,GMC Yukon XL 2500 SLT,"46,265","40,534",13,17,6.133,3.25,6.0,8,1.30,suv,0,1,0,0,0,awd,1,0
286,Hummer H2,"49,995","45,815",10,12,6.400,3.16,6.0,8,1.23,suv,0,1,0,0,0,awd,1,0
287,Isuzu Ascender S,"31,849","29,977",15,20,4.967,2.75,4.2,6,1.29,suv,0,1,0,0,0,awd,1,0
288,Lincoln Navigator Luxury,"52,775","46,360",13,18,5.969,3.00,5.4,8,1.19,suv,0,1,0,0,0,awd,1,0
289,Nissan Pathfinder Armada SE,"33,840","30,815",13,19,5.013,3.05,5.6,8,1.23,suv,0,1,0,0,0,fwd,0,0
290,Toyota Sequoia SR5,"35,695","31,827",14,17,5.270,2.40,4.7,8,1.18,suv,0,1,0,0,0,awd,1,0
291,Acura MDX,"36,945","33,337",17,23,4.451,2.65,3.5,6,1.06,suv,0,1,0,0,0,awd,1,0
292,BMW X3 3.0i,"37,000","33,873",16,23,4.023,2.25,3.0,6,1.10,suv,0,1,0,0,0,awd,1,0
293,BMW X5 4.4i,"52,195","47,720",16,22,4.824,3.25,4.4,8,1.11,suv,0,1,0,0,0,awd,1,0
294,Buick Rainier,"37,895","34,357",15,21,4.600,2.75,4.2,6,1.13,suv,0,1,0,0,0,awd,1,0
295,Buick Rendezvous CX,"26,545","24,085",19,26,4.024,1.85,3.4,6,1.12,suv,0,1,0,0,0,fwd,0,0
296,Chevrolet TrailBlazer LT,"30,295","27,479",16,21,4.425,2.75,4.2,6,1.13,suv,0,1,0,0,0,fwd,0,0
297,Ford Explorer XLT V6,"29,670","26,983",15,20,4.463,2.10,4.0,6,1.14,suv,0,1,0,0,0,awd,1,0
298,Honda Pilot LX,"27,560","24,843",17,22,4.387,2.40,3.5,6,1.06,suv,0,1,0,0,0,awd,1,0
299,Isuzu Rodeo S,"20,449","19,261",17,21,3.836,1.93,3.2,6,1.06,suv,0,1,0,0,0,fwd,0,0
300,Jeep Grand Cherokee Laredo,"27,905","25,686",16,21,3.790,1.95,4.0,6,1.06,suv,0,1,0,0,0,fwd,0,0
301,Kia Sorento LX,"19,635","18,630",16,19,4.112,1.92,3.5,6,1.07,suv,0,1,0,0,0,fwd,0,0
302,Land Rover Range Rover HSE,"72,250","65,807",12,16,5.379,2.82,4.4,8,1.13,suv,0,1,0,0,0,awd,1,0
303,Lexus GX 470,"45,700","39,838",15,19,4.740,2.35,4.7,8,1.10,suv,0,1,0,0,0,awd,1,0
304,Lexus LX 470,"64,800","56,455",13,17,5.590,2.35,4.7,8,1.12,suv,0,1,0,0,0,awd,1,0
305,Lexus RX 330,"39,195","34,576",18,24,4.065,2.30,3.3,6,1.07,suv,0,1,0,0,0,awd,1,0
306,Lincoln Aviator Ultimate,"42,915","39,443",13,18,4.834,3.02,4.6,8,1.14,suv,0,1,0,0,0,fwd,0,0
307,Mercedes-Benz G500,"76,870","71,540",13,14,5.423,2.92,5.0,8,1.12,suv,0,1,0,0,0,awd,1,0
308,Mercedes-Benz ML500,"46,470","43,268",14,17,4.874,2.88,5.0,8,1.11,suv,0,1,0,0,0,awd,1,0
309,Mercury Mountaineer,"29,995","27,317",16,21,4.374,2.10,4.0,6,1.14,suv,0,1,0,0,0,fwd,0,0
310,Mitsubishi Endeavor XLS,"30,492","28,330",17,21,4.134,2.15,3.8,6,1.09,suv,0,1,0,0,0,awd,1,0
311,Mitsubishi Montero XLS,"33,112","30,763",15,19,4.718,2.15,3.8,6,1.10,suv,0,1,0,0,0,awd,1,0
312,Nissan Pathfinder SE,"27,339","25,972",16,21,3.871,2.40,3.5,6,1.06,suv,0,1,0,0,0,fwd,0,0
313,Pontiac Aztekt,"21,595","19,810",19,26,3.779,1.85,3.4,6,1.08,suv,0,1,0,0,0,fwd,0,0
314,Porsche Cayenne S,"56,665","49,865",14,18,4.950,3.40,4.5,8,1.12,suv,0,1,0,0,0,awd,1,0
315,Saturn VUE,"20,585","19,238",21,26,3.381,1.43,2.2,4,1.07,suv,0,1,0,0,0,awd,1,0
316,Suzuki XL-7 EX,"23,699","22,307",18,22,3.682,1.85,2.7,6,1.10,suv,0,1,0,0,0,fwd,0,0
317,Toyota 4Runner SR5 V6,"27,710","24,801",18,21,4.035,2.45,4.0,6,1.10,suv,0,1,0,0,0,fwd,0,0
318,Toyota Highlander V6,"27,930","24,915",18,24,3.935,2.30,3.3,6,1.07,suv,0,1,0,0,0,awd,1,0
319,Toyota Land Cruiser,"54,765","47,986",13,17,5.390,3.25,4.7,8,1.12,suv,0,1,0,0,0,awd,1,0
320,Volkswagen Touareg V6,"35,515","32,243",15,20,5.086,2.20,3.2,6,1.12,suv,0,1,0,0,0,awd,1,0
321,Volvo XC90 T6,"41,250","38,851",15,20,4.638,2.68,2.9,6,1.13,suv,0,1,0,0,0,awd,1,0
322,Chevrolet Tracker,"20,255","19,108",19,22,2.866,1.65,2.5,6,0.98,suv,0,1,0,0,0,fwd,0,0
323,Ford Escape XLS,"22,515","20,907",18,23,3.346,2.01,3.0,6,1.03,suv,0,1,0,0,0,awd,1,0
324,Honda CR-V LX,"19,860","18,419",21,25,3.258,1.60,2.4,4,1.03,suv,0,1,0,0,0,awd,1,0
325,Honda Element LX,"18,690","17,334",21,24,3.468,1.60,2.4,4,1.01,suv,0,1,0,0,0,awd,1,0
326,Hyundai Santa Fe GLS,"21,589","20,201",20,26,3.549,1.73,2.7,6,1.03,suv,0,1,0,0,0,fwd,0,0
327,Jeep Liberty Sport,"20,130","18,973",20,24,3.826,1.50,2.4,4,1.04,suv,0,1,0,0,0,awd,1,0
328,Jeep Wrangler Sahara convertible 2dr,"25,520","23,275",16,19,3.575,1.90,4.0,6,0.93,suv,0,1,0,0,0,awd,1,0
329,Land Rover Discovery SE,"39,250","35,777",12,16,4.576,2.17,4.6,8,1.00,suv,0,1,0,0,0,awd,1,0
330,Land Rover Freelander SE,"25,995","23,969",18,21,3.577,1.74,2.5,6,1.01,suv,0,1,0,0,0,awd,1,0
331,Mazda Tribute DX 2.0,"21,087","19,742",22,25,3.091,1.30,2.0,4,1.03,suv,0,1,0,0,0,awd,1,0
332,Mitsubishi Outlander LS,"18,892","17,569",21,27,3.240,1.60,2.4,4,1.03,suv,0,1,0,0,0,fwd,0,0
333,Nissan Xterra XE V6,"20,939","19,512",17,20,3.760,1.80,3.3,6,1.04,suv,0,1,0,0,0,fwd,0,0
334,Suzuki Vitara LX,"17,163","16,949",19,22,3.020,1.65,2.5,6,0.98,suv,0,1,0,0,0,awd,1,0
335,Toyota RAV4,"20,290","18,553",22,27,3.119,1.61,2.4,4,0.98,suv,0,1,0,0,0,awd,1,0
336,Audi A6 3.0 Avant Quattro,"40,840","37,060",18,25,4.035,2.20,3.0,6,1.09,wagon,0,0,1,0,0,awd,1,0
337,Audi S4 Avant Quattro,"49,090","44,446",15,21,3.936,3.40,4.2,8,1.04,wagon,0,0,1,0,0,awd,1,0
338,BMW 325xi Sport,"32,845","30,110",19,26,3.594,1.84,2.5,6,1.07,wagon,0,0,1,0,0,awd,1,0
339,Chevrolet Malibu Maxx LS,"22,225","20,394",22,30,3.458,2.00,3.5,6,1.12,wagon,0,0,1,0,0,fwd,0,0
340,Chrysler Pacifica,"31,230","28,725",17,23,4.675,2.50,3.5,6,1.16,wagon,0,0,1,0,0,rwd,0,1
341,Ford Focus ZTW,"17,475","16,375",26,33,2.702,1.30,2.0,4,1.03,wagon,0,0,1,0,0,fwd,0,0
342,Ford Taurus SE,"22,290","20,457",19,26,3.497,1.55,3.0,6,1.09,wagon,0,0,1,0,0,fwd,0,0
343,Infiniti FX35,"34,895","31,756",16,22,4.056,2.80,3.5,6,1.12,wagon,0,0,1,0,0,rwd,0,1
344,Infiniti FX45,"36,395","33,121",15,19,4.309,3.15,4.5,8,1.12,wagon,0,0,1,0,0,awd,1,0
345,Kia Rio Cinco,"11,905","11,410",26,33,2.447,1.04,1.6,4,0.95,wagon,0,0,1,0,0,fwd,0,0
346,Lexus IS 300 SportCross,"32,455","28,647",18,24,3.410,2.15,3.0,6,1.05,wagon,0,0,1,0,0,rwd,0,1
347,Mercedes-Benz C240,"33,780","31,466",19,25,3.470,1.68,2.6,6,1.07,wagon,0,0,1,0,0,rwd,0,1
348,Mercedes-Benz E320,"50,670","47,174",19,27,3.966,2.21,3.2,6,1.12,wagon,0,0,1,0,0,rwd,0,1
349,Mercedes-Benz E500,"60,670","56,474",16,24,4.230,3.02,5.0,8,1.12,wagon,0,0,1,0,0,awd,1,0
350,Mercury Sable GS,"22,595","20,748",19,26,3.488,1.55,3.0,6,1.09,wagon,0,0,1,0,0,fwd,0,0
351,Nissan Murano SL,"28,739","27,300",20,25,3.801,2.45,3.5,6,1.11,wagon,0,0,1,0,0,rwd,0,1
352,Pontiac Vibe,"17,045","15,973",29,36,2.701,1.30,1.8,4,1.02,wagon,0,0,1,0,0,rwd,0,1
353,Saab 9-5 Aero,"40,845","38,376",19,29,3.620,2.50,2.3,4,1.06,wagon,0,0,1,0,0,fwd,0,0
354,Saturn L300 2,"23,560","21,779",24,34,3.109,1.40,2.2,4,1.07,wagon,0,0,1,0,0,fwd,0,0
355,Scion xB,"14,165","13,480",31,35,2.425,1.08,1.5,4,0.98,wagon,0,0,1,0,0,fwd,0,0
356,Subaru Forester X,"21,445","19,646",21,28,3.090,1.65,2.5,4,0.99,wagon,0,0,1,0,0,awd,1,0
357,Subaru Outback,"23,895","21,773",21,28,3.430,1.65,2.5,4,1.04,wagon,0,0,1,0,0,awd,1,0
358,Suzuki Aerio SX,"16,497","16,291",24,29,2.932,1.55,2.3,4,0.98,wagon,0,0,1,0,0,awd,1,0
359,Toyota Matrix XR,"16,695","15,156",29,36,2.679,1.30,1.8,4,1.02,wagon,0,0,1,0,0,fwd,0,0
360,Volkswagen Jetta GL,"19,005","17,427",24,30,3.034,1.15,2.0,4,0.99,wagon,0,0,1,0,0,fwd,0,0
361,Volkswagen Passat GLS 1.8T,"24,955","22,801",22,31,3.338,1.70,1.8,4,1.06,wagon,0,0,1,0,0,fwd,0,0
362,Volkswagen Passat W8,"40,235","36,956",18,25,4.067,2.70,4.0,8,1.06,wagon,0,0,1,0,0,fwd,0,0
363,Volvo V40,"26,135","24,641",22,29,2.822,1.70,1.9,4,1.01,wagon,0,0,1,0,0,fwd,0,0
364,Volvo XC70,"35,145","33,112",20,27,3.823,2.08,2.5,5,1.09,wagon,0,0,1,0,0,awd,1,0
365,Chevrolet Astro,"26,395","23,954",14,17,4.605,1.90,4.3,6,1.11,minivan,0,0,0,1,0,awd,1,0
366,Chevrolet Venture LS,"27,020","24,518",19,26,3.699,1.85,3.4,6,1.12,minivan,0,0,0,1,0,fwd,0,0
367,Chrysler Town and Country LX,"27,490","25,371",19,26,4.068,1.80,3.3,6,1.19,minivan,0,0,0,1,0,fwd,0,0
368,Chrysler Town and Country Limited,"38,380","35,063",18,25,4.331,2.15,3.8,6,1.19,minivan,0,0,0,1,0,fwd,0,0
369,Dodge Caravan SE,"21,795","20,508",20,26,3.862,1.50,2.4,4,1.13,minivan,0,0,0,1,0,fwd,0,0
370,Dodge Grand Caravan SXT,"32,660","29,812",18,25,4.440,2.15,3.8,6,1.19,minivan,0,0,0,1,0,awd,1,0
371,Ford Freestar SE,"26,930","24,498",17,23,4.275,1.93,3.9,6,1.21,minivan,0,0,0,1,0,fwd,0,0
372,GMC Safari SLE,"25,640","23,215",16,20,4.309,1.90,4.3,6,1.11,minivan,0,0,0,1,0,rwd,0,1
373,Honda Odyssey LX,"24,950","22,498",18,25,4.310,2.40,3.5,6,1.18,minivan,0,0,0,1,0,fwd,0,0
374,Honda Odyssey EX,"27,450","24,744",18,25,4.365,2.40,3.5,6,1.18,minivan,0,0,0,1,0,fwd,0,0
375,Kia Sedona LX,"20,615","19,400",16,22,4.802,1.95,3.5,6,1.15,minivan,0,0,0,1,0,fwd,0,0
376,Mazda MPV ES,"28,750","26,600",18,25,3.812,2.00,3.0,6,1.12,minivan,0,0,0,1,0,fwd,0,0
377,Mercury Monterey Luxury,"33,995","30,846",16,23,4.340,2.01,4.2,6,1.21,minivan,0,0,0,1,0,fwd,0,0
378,Nissan Quest S,"24,780","22,958",19,26,4.012,2.40,3.5,6,1.24,minivan,0,0,0,1,0,fwd,0,0
379,Nissan Quest SE,"32,780","30,019",18,25,4.175,2.40,3.5,6,1.24,minivan,0,0,0,1,0,fwd,0,0
380,Oldsmobile Silhouette GL,"28,790","26,120",19,26,3.948,1.85,3.4,6,1.20,minivan,0,0,0,1,0,fwd,0,0
381,Pontiac Montana,"23,845","21,644",19,26,3.803,1.85,3.4,6,1.12,minivan,0,0,0,1,0,fwd,0,0
382,Pontiac Montana EWB,"31,370","28,454",18,24,4.431,1.85,3.4,6,1.21,minivan,0,0,0,1,0,awd,1,0
383,Toyota Sienna CE,"23,495","21,198",19,27,4.120,2.30,3.3,6,1.19,minivan,0,0,0,1,0,fwd,0,0
384,Toyota Sienna XLE Limited,"28,800","25,690",19,27,4.165,2.30,3.3,6,1.19,minivan,0,0,0,1,0,fwd,0,0
385,Cadillac Escalade EXT,"52,975","48,541",13,17,5.879,3.45,6.0,8,1.30,pickup,0,0,0,0,1,awd,1,0
386,Chevrolet Avalanche 1500,"36,100","31,689",14,18,5.678,2.95,5.3,8,1.30,pickup,0,0,0,0,1,awd,1,0
387,Chevrolet Colorado Z85,"18,760","17,070",18,23,3.623,1.75,2.8,4,1.11,pickup,0,0,0,0,1,awd,1,0
388,Chevrolet Silverado 1500 Regular Cab,"20,310","18,480",15,21,4.142,2.00,4.3,6,1.19,pickup,0,0,0,0,1,rwd,0,1
389,Chevrolet Silverado SS,"40,340","35,399",13,17,4.804,3.00,6.0,8,1.44,pickup,0,0,0,0,1,awd,1,0
390,Chevrolet SSR,"41,995","39,306",16,19,4.760,3.00,5.3,8,1.16,pickup,0,0,0,0,1,rwd,0,1
391,Dodge Dakota Regular Cab,"17,630","16,264",16,22,3.714,2.10,3.7,6,1.12,pickup,0,0,0,0,1,rwd,0,1
392,Dodge Dakota Club Cab,"20,300","18,670",16,22,3.829,2.10,3.7,6,1.31,pickup,0,0,0,0,1,rwd,0,1
393,Dodge Ram 1500 Regular Cab ST,"20,215","18,076",16,21,4.542,2.15,3.7,6,1.21,pickup,0,0,0,0,1,rwd,0,1
394,Ford F-150 Regular Cab XL,"22,010","19,490",15,19,4.788,2.31,4.6,8,1.26,pickup,0,0,0,0,1,rwd,0,1
395,Ford F-150 Supercab Lariat,"33,540","29,405",14,18,5.464,3.00,5.4,8,1.33,pickup,0,0,0,0,1,awd,1,0
396,Ford Ranger 2.3 XL Regular Cab,"14,385","13,717",24,29,3.028,1.43,2.3,4,1.11,pickup,0,0,0,0,1,rwd,0,1
397,GMC Canyon Z85 SL Regular Cab,"16,530","14,877",19,24,3.351,1.75,2.8,4,1.11,pickup,0,0,0,0,1,rwd,0,1
398,GMC Sierra Extended Cab 1500,"25,717","22,604",17,20,4.548,2.85,4.8,8,1.44,pickup,0,0,0,0,1,rwd,0,1
399,GMC Sonoma Crew Cab,"25,395","23,043",15,19,4.083,1.90,4.3,6,1.23,pickup,0,0,0,0,1,awd,1,0
400,Mazda B2300 SX Regular Cab,"14,840","14,070",24,29,2.960,1.43,2.3,4,1.12,pickup,0,0,0,0,1,rwd,0,1
401,Mazda B4000 SE Cab Plus,"22,350","20,482",15,19,3.571,2.07,4.0,6,1.26,pickup,0,0,0,0,1,awd,1,0
402,Nissan Frontier King Cab XE V6,"19,479","18,253",17,20,3.932,1.80,3.3,6,1.16,pickup,0,0,0,0,1,awd,1,0
403,Nissan Titan King Cab XE,"26,650","24,926",14,18,5.287,3.05,5.6,8,1.40,pickup,0,0,0,0,1,awd,1,0
404,Subaru Baja,"24,520","22,304",21,28,3.485,1.65,2.5,4,1.04,pickup,0,0,0,0,1,awd,1,0
405,Toyota Tacoma,"12,800","11,879",22,27,2.750,1.42,2.4,4,1.03,pickup,0,0,0,0,1,rwd,0,1
406,Toyota Tundra Regular Cab V6,"16,495","14,978",16,20,3.925,1.90,3.4,6,1.28,pickup,0,0,0,0,1,rwd,0,1
407,Toyota Tundra Access Cab V6 SR5,"25,935","23,520",14,17,4.435,1.90,3.4,6,1.28,pickup,0,0,0,0,1,awd,1,0
